 "ENERGY GEII Careers Mumbai (GE Infra, Energy)"  
geii.careers.mumbai@ge.com





 



  
 
  
a00000000000000000000000000sexxx@yahoo.com 





 



  
 
 
 
a00000000000000000000000000xx000@yahoo.com 





 



  
 
 AA AA AAAAA AAAA AA AAAAAA aaaa  - ssss_aaaa714  





 



  
 
 
AA- AA AA  - krunalgauri_ind  





 



  
 
 aakansha  
shakira.memsaab@yahoo.com





 



  
 
 
 - aapki_talash_mein2004  





 



  
 
  - aarthi_715  





 



  
 
 
 - abhi_7705  





 



  
 
 ADDECO COMPANY ,PUNE  
barnali.sengupta@adecco.co.in





 



  
 
 
 
advent@ip.eth.net





 



  
 
  
ajay@jopasana.com





 



  
 
 
 - ajitarchana123  





 



  
 
  
ajoshi@entevo.com





 



  
 
 
alok kankariya  
akkyapk@gmail.com





 



  
 
 amy chat skype  
wsj0331@163.com





 



  
 
 
 - an78gelangeli  





 



  
 
 anand Rajurkar  
anand_rajurkar@yahoo.com





 



  
 
 
anand Rajurkar  
anand_rajurkar@yahoo.com





 



  
 
  
anand_k@cirrus.stpp.soft.net





 



  
 
 
 
anand@ruksun.com





 



  
 
 anant chavan  
anantkc@rediffmail.com





 



  
 
 
 - andi_a5n0eh  





 



  
 
  - anita_solanki07  





 



  
 
 
Aniti solanki  
anita_solanki07@yahoo.com





 



  
 
  - anjali_fac  





 



  
 
 
 - anjalihd_wanjali  





 



  
 
  - ankita_chopra10  





 



  
 
 
 - ankita_vinshi  





 



  
 
  
ankita_vinshi@yahoo.com





 



  
 
 
 
aparasni@india.ptc.com





 



  
 
 apeksha  
Apexa_Aksh@hotmail.com





 



  
 
 
Apexa  





 



apexa_aksh@hotmail.com (msn)
  
 
  - aru_nihari  





 



  
 
 
 - ash_articuno  





 



  
 
  - ash_ashwini1234  





 



  
 
 
ash.meow  - ash.meow  


its not like that , i was in meeting so cant reply u .. (mobile)



 



  
 
  - ashikapq  





 



  
 
 
 - ashwani_dowellcards  





 



  
 
  - ashwini.adamane  





 



  
 
 
atena pacze  
e.atena@yahoo.pl





 



  
 
 atul travtech atey  
atul@travtech.in





 



  
 
 
 - atul_atey  





 



  
 
 Avinash Midgule  - avinash_midgule007  





 



  
 
 
 
avinashjadhav201@gmail.com





 



  
 
  - avtar36762  





 



  
 
 
bhavani shekhawat (dst batch)  
bhawani.shekhawat@yahoo.com





 



  
 
  - bhawani.shekhawat  





 



  
 
 
Bhibu Sir Travtech  
bibibhukumar6282@gmail.com





 



  
 
  - bhosaleyp  





 



  
 
 
 
bibhukumar6282@gmail.com





 



  
 
 brindha maheshwari  - brindha_maheshwari  





 



  
 
 
brit  - brittany_23yf  





 



  
 
  - broken.drop@gmail.com  





 



  
 
 
 
business@thermasoftware.com





 



  
 
 capgemini pune  
sachin.borde@capgemini.com





 



  
 
 
 
career@seedinfotech.com





 



  
 
  - catched  





 



  
 
 
 - ch.radha20  





 



  
 
  - chai_green  





 



  
 
 
 - chaitrali.desai  





 



  
 
 chilka  
nareshchilka@yahoo.com





 



  
 
 
 - chinamarin123  





 



  
 
 cht  
sarikapw@yahoo.com





 



  
 
 
cht deepti pathak  
deepec_2002@yahoo.co.in





 



  
 
 cht mehak jain  
mhkjain@yahoo.com





 



  
 
 
cht sonia Bhutani  
smart_23_84@yahoo.co.in





 



  
 
  
chuphal@triconinfotech.com





 



  
 
 
 - cintia_dvzbk  





 



  
 
 company for soft engg. VB  
kalpakpune@vsnl.com





 



  
 
 
 - cool_ruchi26  





 



  
 
  - coolarun_985  





 



  
 
 
 
criusemktg@cruise-controls.com





 



  
 
  
custcare@compulnk.com





 



  
 
 
cute cato  - cute_cato2000  





 



  
 
 cuteeeeeeeeee  
cool_ruchi26@yahoo.com





 



  
 
 
 
cygnus@giaspn01.vsnl.net.in





 



  
 
  - darshan_lodha2007  





 



  
 
 
Deeksha D  - deeksha_de  





 



  
 
  
deenad.2st@gmail.com





 



  
 
 
deepa zamwar (dst)  - deepazamwar  
deepazamwar@yahoo.com





 



  
 
  - deepali_joshi007  





 



  
 
 
 - deepec_2002  





 



  
 
  - desi.girls  





 



  
 
 
 - dev_riya4  





 



  
 
 Devraj Banerjee  
draj4u91@yahoo.com





 



  
 
 
 - divasexy619  





 



  
 
  - dix.dan2007  





 



  
 
 
 
dnath@kanbay.com





 



  
 
 dolly_kapur  - dolly_kapur  





 



  
 
 
DollyK  





 



  
http://360.yahoo.com/profile-Frm4a0w1dKpfkbJ7cBdMVPdcKQ-- (url) 
  - e.atena  





 



  
 
 
Elissa Beth  - elissa181  





 



  
 
 fem  
pinaykupcake4ever@yahoo.com





 



  
 
 
female 21  
fetish_4_match_babe022 @yahoo.com





 



  
 
 female  
goldenfeather6 @yahoo.com





 



  
 
 
female  
goldenfeather6@yahoo.com





 



  
 
 female america  
crazydzgirl@yahoo.com





 



  
 
 
Fetish_4_Match_Babe022e007@eurcities.com  
Fetish_4_Match_Babe022e007@eurcities.com 





 



  
 
 fm19  
evaa_aa007@eurcities.com 





 



  
 
 
for jobs  
admin@hotcakejobs.com





 



  
 
 friend  
vidya_mythri@yahoo.co.in





 



  
 
 
frnd fron 1 duje k liye  
jennifer_4love_207@yahoo.com





 



  
 
 gangadhar  
gangadharparhad@gmail.com





 



  
 
 
 - gauri_2112  





 



  
 
  - goldenfeather6  





 



  
 
 
 
graduates@maveric-systems.com





 



  
 
 hany star2008  - hany_star845  





 



  
 
 
 - harshini.hema  





 



  
 
  - harshitha_100  





 



  
 
 
 - hashimi_husain  





 



  
 
  - hemajoshi12  





 



  
 
 
 - hiba_hashmi2008  





 



  
 
  - hny_alyssa69  





 



  
 
 
 - hny_mindy45  





 



  
 
  - hot_mary60  





 



  
 
 
 - hot4u_maya72  





 



  
 
 http://profiles.yahoo.com/crazydzgirl  





 



  
 
 
 - iamsantanuray3891  





 



  
 
  
IndiaCareers@JohnDeere.com





 



  
 
 
 
info@kpit.com





 



  
 
  
info@pspl.co.in





 



  
 
 
 
info@rapideffect.com





 



  
 
  
info@walchandinfotech.com





 



  
 
 
 
info@wftech.net





 



  
 
  
info@zensar.com





 



  
 
 
 
intertech@inter-techsystems.com





 



  
 
 it company  
admin@qainfotech.net





 



  
 
 
itchoronical.com  
sandy.pachu@gmail.com





 



  
 
 jagruti tawde  
jagruti_14oct@yahoo.co.in





 



  
 
 
 - jasper.7000  





 



  
 
  
javed@vsnl.com





 



  
 
 
 
jayant.deshmukh@snstech.com





 



  
 
  - jennifer_4love_207  





 



  
 
 
Jiya Sharma  - cute.jiyaa  





 



  
 
  
joncy.john@vyomlabs.com





 



  
 
 
 
joy.basu@infotekindia.com





 



  
 
 jyoti khandelwal  
kh_jyoti@yahoo.co.in





 



  
 
 
jyoti chakote  - jyoti_chakote  





 



  
 
  - jyotioverseas  





 



  
 
 
k reddy  





 



  
 
 karan Raka  - karan_raka2003  
karan_raka2003@yahoo.co.in


9890085662 (mobile)



 



  
 
 
karan (Sunny)  
karan_raka2003@yahoo.co.in


9890085662 (home)



 



  
 
  
karan_raka2003@yahoogroups.co.in





 



  
 
 
 - karishma_kothari21  





 



  
 
  - karunakhowal  





 



  
 
 
kbs@kbsconsultants.com  
kbs@kbsconsultants.com





 



  
 
 kcs Username my mail id password 2007  





 



  
 
 
khushboo Kajal  
SweetShelly.Verma@gmail.com





 



  
 
  - khushirose2000  





 



  
 
 
 
kinjal@travtech.in





 



  
 
 kinnari Mehta  - kinnari_janak116  





 



  
 
 
kiran chavan  
kiran_sach@yahoo.com





 



  
 
 kiran kiran  - kiran14300  





 



  
 
 
 - kiran_sach  





 



  
 
  
kirand@mahindrabt.com





 



  
 
 
 - kittykalpu  





 



  
 
  - kitu000  





 



  
 
 
 - krs_jsp  





 



  
 
 Kunal Raina  - kunalraina005  





 



  
 
 
 - lawlessbuddy  





 



  
 
  - lilitelugu  





 



  
 
 
limlanda chat friend 22fpolond  - http://maps.google.com/maps/user?uid=100526199649928301429&hl=pl&ptab=2  
e.atena@gmail.com





 



  
 
 looking for nonveg image  
priti_gupta224@yahoo.com





 



  
 
 
 - lovehotsexybbw  





 



  
 
 lucky_004343@yahoo.com shrishtis X  





 



  
 
 
 - luvpujajain  





 



  
 
  - madhu_world2003  





 



  
 
 
mahak jain  - mhkjain  





 



  
 
  - mahurkar.sarika  





 



  
 
 
 - malajajoo  





 



  
 
 Mamta Parmar  


+919327778353 (mobile)



 



  
 
 
 - mamthapq  





 



  
 
 manas sathe  - indiamanas  





 



  
 
 
manasi dharap  
manasi.dharap@gmail.com





 



  
 
  
manasi.dharap@mcl.co.in





 



  
 
 
 - manisha_gupta110  





 



  
 
  
manoj.intec@wminet.net





 



  
 
 
mansi pawar  - pmansi273  





 



  
 
  - maria86pk@gmail.com  





 



  
 
 
mayuri Rathod  
mayurirathod2007@yahoo.co.in





 



  
 
 me  
karan.raka2003@gmail.com





 



  
 
 
 
mediscribe2000@ip.eth.net





 



  
 
  - meenakshi.mehta10  





 



  
 
 
 - mehak.sk7@gmail.com  





 



  
 
  - metallic.unicorn@gmail.com  





 



  
 
 
milind vyas  
milindvvyas@yahoo.com





 



  
 
 mix mixx  - mix_mixx2000  





 



  
 
 
monali maske (dstbatch)  
monalimaske@gmail.com





 



  
 
 monali maske  
monalimhaske@gmail.com





 



  
 
 
Monika K. Soni Monika K. Soni  - monikaksoni  





 



  
 
 mumbai company symtrax  
tester@symtrax.co.uk





 



  
 
 
mumbai company  
kasturi.rath@sampoorna.com





 



  
 
 Mumbai Company testing  
hrexec@ql2.com





 



  
 
 
 - mumtaj_x3  





 



  
 
  - mundada.nikita  





 



  
 
 
nagib ali  - nagib1212  





 



  
 
 naina shetty  - naina_shetty2001  





 



  
 
 
 - nareshchilka  





 



  
 
 nasrin_bca  - nasrin_bca  





 



  
 
 
 - neha_simpal  





 



  
 
  
nextganeration@gmail.com





 



  
 
 
 - nextnip@gmail.com  





 



  
 
 Nidhi Nair  - nidhi.nair01  





 



  
 
 
nikita mundada got mail friend to leave group  
mundada.nikita@ yahoo.com





 



  
 
 NIMA JHA  - nimaaminjha  





 



  
 
 
nisha chandwani  - nisha_luck  





 



  
 
  - nishi4friend@gmail.com  





 



  
 
 
old man  - gay_4_oldmen  





 



  
 
  
pace@pace.stpp.soft.net





 



  
 
 
pallavi bhosle (dst161)  
pallavi_psb@rediffmail.com





 



  
 
 pallavi gothi  


+919270931913 (mobile)



 



  
 
 
pallavi gothi  


+919270931913 (mobile)



 



  
 
 Pallavi Bhosle  


+919326726972 (mobile)



 



  
 
 
 - patilsachin95  





 



  
 
 paw mahavir psw vardhaman  
rekha.skataria@gmail.com





 



  
 
 
 
Payal.Katariya@Gmail.com





 



  
 
 phan duyen  - tombe_la_neigh  





 



  
 
 
 - pinakinpatel92  





 



  
 
 Pinki Kankariya  
netravi29@rediffmail.com





 



  
 
 
pity sing  - pity_sing  





 



  
 
  - pkrupa87  





 



  
 
 
placement for testing  
hr@corrvettesolutions.com





 



  
 
  - poo_dazler  





 



  
 
 
pooja lODHA  


+919226748038 (mobile)



 



  
 
  
pradip_k@vsnl.com





 



  
 
 
 - prakashpatolia  





 



  
 
 prasad travtech  
prasad@travtech.in





 



  
 
 
prasad Travtech  
prasad@travtech.in





 



  
 
 prasad Travtech  
prasad@travtech.in





 



  
 
 
prashant  
swraaz108nc@gmail.com





 



  
 
 Prashant Bajpai  
prashant.bajpai21@gmail.com





 



  
 
 
prashant patel  - prashantpatel_mech  





 



  
 
  - pravinaik  





 



  
 
 
 - preetchhajed  





 



  
 
  - preeti_negi7861  





 



  
 
 
prerna rajan  - nolee57885  





 



  
 
  - priti_gupta224  





 



  
 
 
priya jain  
priya2love@yahoo.co.in





 



  
 
  - priya.khushi2440@gmail.com  





 



  
 
 
 - priyasweetpriya  





 



  
 
 pune company  
niloy.b@pyxis-it.com





 



  
 
 
 - queeni.arora  





 



  
 
 Rachna  
rachna_1488@yahoo.com





 



  
 
 
rachna frnd  
geetanjalimehta26@yahoo.co.in





 



  
 
 rachna frnd  
kinnari_janak116@yahoo.co.in





 



  
 
 
rachna frnd  
pkrupa87@yahoo.com





 



  
 
 rachna frnd  
rupalramani@yahoo.com





 



  
 
 
rachna frnd  
subhasuresh@rediffmail.com





 



  
 
 rachna frnd  
agavicky@yahoo.co.in





 



  
 
 
rachna frnd  
aj2mu@rediffmail.com





 



  
 
 rachna frnd  
arvindmahto@hotmail.com





 



  
 
 
rachna frnd  
avtar36762@yahoo.co.in





 



  
 
 rachna frnd  
bandekar.rahul@yahoo.co.in





 



  
 
 
rachna frnd  
bnarsingani@gmail.com





 



  
 
 rachna frnd  
chandrupdas@yahoo.com





 



  
 
 
rachna frnd  
coolarun_985@yahoo.co.in





 



  
 
 rachna frnd  
darshan_lodha2007@yahoo.co.in





 



  
 
 
rachna frnd  
dev_riya4@yahoo.co.in





 



  
 
 rachna frnd  
gauravbhalekar@gmail.com





 



  
 
 
rachna frnd  
gujjar_boy@yahoo.com





 



  
 
 rachna frnd  
iamsantanuray3891@yahoo.co.in





 



  
 
 
rachna frnd  
indiamanas@yahoo.co.in





 



  
 
 rachna frnd  
kalpesh_1130@yahoo.co.in





 



  
 
 
rachna frnd  
kapilkamble25@yahoo.com





 



  
 
 rachna frnd  
kunalraina005@yahoo.com





 



  
 
 
rachna frnd  
lawlessbuddy@yahoo.co.in





 



  
 
 rachna frnd  
mukesh84_patil@rediffmail.com





 



  
 
 
rachna frnd  
nagib1212@yahoo.co.in





 



  
 
 rachna frnd  
nishant.shaha@gmail.com





 



  
 
 
rachna frnd  
prakashpatolia@yahoo.co.in





 



  
 
 rachna frnd  
prashantpatel_mech@yahoo.co.in





 



  
 
 
rachna frnd  
pravinaik@yahoo.com





 



  
 
  - raghavi3132  





 



  
 
 
Rahul Bandekar  - bandekar.rahul  





 



  
 
 Rahul Anasane (Friend Of Aniket)  
Rahul_@syntelinc.com





 



  
 
 
raj  
rajs.u29@gmail.com





 



  
 
 raj  
rajesh.upase@yahoo.com





 



  
 
 
raj gupta  - raj_of_hearts143  





 



  
 
  - raj_agrawal74  





 



  
 
 
 - raj_cords  





 



  
 
  
raj_of_hearts143@yahoo.co.in





 



  
 
 
Raja Hindustani  
raja.lovesyou@yahoo.co.in





 



  
 
  - raja_deepthi_kolluri  





 



  
 
 
 
raja_deepthi_kolluri@yahoo.co.in





 



  
 
  - raja.lovesyou  





 



  
 
 
 
rajendra_mulay@rediffmail.com





 



  
 
  - rajendra_mulay69  





 



  
 
 
 
rajendra.narkhede@gmail.com





 



  
 
 Rajesh Agrawal  
raj_agrawal74@yahoo.com





 



  
 
 
Rajesh Dongre  - rajesh_dongre_1983  





 



  
 
 Rajesh diebold  
rajesh.agrawal@diebold.com





 



  
 
 
rajesh Routhu Travtech  
callrajesh1980@yahoo.com





 



  
 
 Rajesh travtech TL  
rajesh@travtech.in





 



  
 
 
Rajesh upase  
rajesh_upase@yahoo.com





 



  
 
  
rajesh_dongre_1983@yahoo.co.in





 



  
 
 
rajesh_upase  - rajesh_upase  





 



  
 
 rakesh angurana  - rocky_angurana  





 



  
 
 
Rakesh Routhu  
rak_esh1234@yahoo.com


9930358425 (mobile)
04024048553 (other)



 



  
 
 Rakesh Routhu  
rak_esh1234@yahoo.com


9930358425 (mobile)
04024048553 (other)



 



  
 
 
rakesh kumar  - rak_esh1234  





 



  
 
  - ranimalhotra2008  





 



  
 
 
 
ravi.chopade@yahoo.co.in





 



  
 
 RECRUTER FOR TESTIN  
kishor.d@peoplefy.com





 



  
 
 
 - regina.lake  





 



  
 
 rekha  





 



  
 
 
 - reshmi_arf  





 



  
 
  
Response@Indussoft.com





 



  
 
 
 
revan_555@yahoo.com





 



  
 
  - rinku.sharma21  





 



  
 
 
 
rks@akash.dss.co.in





 



  
 
  - rksh_jn  





 



  
 
 
Rose Lily  - rosesarebluexyz  
rosesarebluexyz@yahoo.com





 



  
 
 roshani frm lonavala  
powerr_1234@yahoo.com





 



  
 
 
 - rumana_attar  





 



  
 
  - rupali.parikh  





 



  
 
 
 - rupalramani  





 



  
 
 sachin  
sachin_28128@yahoo.co.in





 



  
 
 
Sachin Patil Patil (Mumbai)  
patilsachin95@yahoo.com





 



  
 
  - sadhana_cool86  





 



  
 
 
 - saf007_2002  





 



  
 
 sakshi nagar  - saakshinagar  





 



  
 
 
salah said  - salah_said47  





 



  
 
  
sales@myuberall.com





 



  
 
 
 - salma.jaan9@gmail.com  





 



  
 
 samta parmar  - mamta_parmar2003  


hi r u there (mobile)



 



  
 
 
san diago  - cute4_u_younwoman  





 



  
 
 sandeep (Hange)  
sandeep@travtech.com





 



  
 
 
sandeep hange  
SANDEEP@TRAVTECH.IN





 



  
 
  - sandhya_ecm28  





 



  
 
 
 
sane_s@ki.krupp.com





 



  
 
  - sanjaysj_07  





 



  
 
 
 
sanjaysj_07@yahoo.co.in





 



  
 
 santhya shenbagam  - santhya_gi  





 



  
 
 
 - saranminu  





 



  
 
 saranyanm90  - saranyanm90  





 



  
 
 
sarika mahurkar  
mahurkar.sarika@yahoo.co.in





 



  
 
  - sarikapw  





 



  
 
 
sarita 8/12/88  
jangle.sarita@yahoo.com





 



  
 
 sarita 8/12/88  
jangle.sarita@yahoo.com





 



  
 
 
sarita 8/12/88 skype  
srt.jangle@gmail.com





 



  
 
 sarita 8/12/88 skype  
jangle.sarita@yahoo.com





 



  
 
 
 - satishdxt2007  





 



  
 
  
satishdxt2007@yahoo.co.in





 



  
 
 
 - seema_sharma222  





 



  
 
  - seemas_99  





 



  
 
 
Shaadi.com Matches  
matrimonials@shaadi.com





 



  
 
 SHAILY SANGHVI  - shails_rokinglibra  





 



  
 
 
 - shakira.memsaab  





 



  
 
  - sheema500@gmail.com  





 



  
 
 
sheetal BE.Comp bombay  
sheetal_it@rediffmail.com


9226226062 (mobile)



 

Home:
Edelweiss securities Ltd
1 st floor Express Tower,Nariman Point
Charch gate,Mumbai.


  
 
  - shenali12u@gmail.com  





 



  
 
 
 - shilp_it  





 



  
 
 shilpa  
shilp_it@yahoo.co.in





 



  
 
 
 
shrihari1109@yahoo.co.in





 



  
 
 shrishti katariya  - lucky_shrishti  





 



  
 
 
shruti agrawal  - shruti09_agrawal  





 



  
 
 shruti  
shrutkirti_n@yahoo.co.in





 



  
 
 
shweta bansal  
khushirose2000@yahoo.com





 



  
 
 SHWETA RAI  - shwetarai211294  





 



  
 
 
smiline 84  - smiline84  





 



  
 
 smita (dst)  
smitaumakkar@rediffmail.com


9422827995 (mobile)



 



  
 
 
smita sarkar  
smita_wants_frndz@yahoo.co.in





 



  
 
  - sms7mat  





 



  
 
 
 - snehalrathod_123  





 



  
 
  - snehasiva_21  





 



  
 
 
SONIA BHUTANI  - smart_23_84  





 



  
 
  
sreelas2000@yahoo.co.in





 



  
 
 
srushti katariya  
lucky_shrishti@yahoo.com





 



  
 
  
subhashish1025@yahoo.co.in





 



  
 
 
 - suchita.jha123  





 



  
 
 suhana_roy27  
suhana_roy27@yahoo.co.in





 



  
 
 
 - suhana_roy27  





 



  
 
  - kh_jyoti  
sujit_danne26@.com





 



  
 
 
 
sujit@netsurf.co.in





 



  
 
 sunil patil (narsy)  
sunilgp1@gmail.com





 



  
 
 
 
surendra.agarwal@neilsoft.com





 



  
 
 suruchi jain  
suruchi_suchi@yahoo.co.in





 



  
 
 
 - suruchi_suchi  





 



  
 
 sushma l  
krs_jsp@yahoo.co.in





 



  
 
 
 - sushma_mandal_004  





 



  
 
  - sushmita_d15  





 



  
 
 
 
sutar.neelam@yahoo.com





 



  
 
  
swap_mht@yahoo.co.in





 



  
 
 
swapnil mehta  - swap_mht  





 



  
 
 Swaroopa Rani  - rani.swaroopa23  





 



  
 
 
Swati travtech  
swati@travtech.in





 



  
 
  - swatilohumi  





 



  
 
 
 - sweetawni@gmail.com  





 



  
 
  - sweetshelly.verma@gmail.com  





 



  
 
 
sweety pune friend of skype  
sdraut09@rediffmail.com





 



  
 
 sweety raut  
sdraut09@rediffmail.com





 



  
 
 
 - sweety_anand2006  





 



  
 
  - sweety_viro1987  





 



  
 
 
 - swt077  





 



  
 
 thirumal  
thirumal@travtech.in





 



  
 
 
thirumal travtech  
thirumal@travtech.in





 



  
 
 toton_dipa  - toton_dipa  





 



  
 
 
travtech  
kiranraka@travtech.in





 



  
 
  
ttil@tata.com





 



  
 
 
twinkle n  - twinkle_n1  
reshmi_arf@rediff.com


9920384388 (mobile)



 



  
 
  
uchil@magicsoftware.com





 



  
 
 
Uditi Mehta  - sweet_urock  





 



  
 
 ulhas kk  - kapilkamble25  





 



  
 
 
uma_phoenixtech  - uma_phoenixtech  





 



  
 
  - un_name_id  





 



  
 
 
 - v_akumar  





 



  
 
  
v_akumar@yahoo.com





 



  
 
 
 - vanisha_bhatia  





 



  
 
  - varsha.sanyal@gmail.com  





 



  
 
 
varshu  
varsha.sanyal@gmail.com





 



  
 
 vcustomer employee  
joblessandy@gmail.com





 



  
 
 
 - vidya_mythri  





 



  
 
  
vijaypatilvp@yahoo.com





 



  
 
 
vikesh agarwal  - agavicky  





 



  
 
 Vilas Gaikwad  - callgaikwad1407  





 



  
 
 
vilas Travtech  
callgaikwad1407@yahoo.co.in





 



  
 
  - vinu2mail  





 



  
 
 
 - virgo_pinky31  





 



  
 
 Vishal Achari  - vishalachari38  





 



  
 
 
 
vishwagan@vsnl.com





 



  
 
 vrushali pune  
vrushalipungliya@gmail.com





 



  
 
 
vrushali pune  
vrushalipungliya@gmail.com





 



  
 
 wavelengthihi  - wavelengthihi  





 



  
 
 
www.myspace.com/ar_911  





 



  
 
  
yashgupte@gmail.com





 



  
 
 
yogesh pandurang bhosale  
bhosale.yogesh@gmail.com


02452248017 (home)
9970330594 (mobile)



 



  
 
  - yogeshsaraswati  





 



  
 
 
 
yogeshsaraswati@yahoo.co.in





 



  
 
  
yspl@vsnl.com





 



  
 
 
Print Date: 03/09/2008 18:35  Copyright © 2008 Yahoo Web Services India Pvt Ltd. All rights reserved.  
 
